{
    "min_bound": 54.96259578314675,
    "max_bound": 316.5135710708538,
    "0": {
        "translation": [
            -2.2311770366961388,
            -3.3524458526346073,
            -0.14545713671831495
        ],
        "rotation": [
            [
                0.013455647029262389,
                0.9999025964159961,
                -0.003707188095214736
            ],
            [
                0.9996595879380087,
                -0.013369310412479726,
                0.022404682160327944
            ],
            [
                0.022352937315584683,
                -0.004007395618623239,
                -0.9997421102332947
            ]
        ],
        "center_x": 480.0,
        "center_y": 270.0,
        "focal_x": 450.0847712190174,
        "focal_y": 450.0847712190174,
        "height": 540.0,
        "width": 960.0
    },
    "1": {
        "translation": [
            0.4781888959155902,
            -3.328527872643625,
            0.013859652965218338
        ],
        "rotation": [
            [
                -0.019846231664985656,
                0.9998026369738886,
                -0.0009023240870917332
            ],
            [
                0.9991540686341027,
                0.019865853769986307,
                0.03600687414797608
            ],
            [
                0.03601769316070073,
                -0.00018696001697154132,
                -0.9993511348997077
            ]
        ],
        "center_x": 480.0,
        "center_y": 270.0,
        "focal_x": 454.039160486067,
        "focal_y": 454.039160486067,
        "height": 540.0,
        "width": 960.0
    },
    "2": {
        "translation": [
            3.109541692305252,
            -3.2405895091717003,
            -0.1028936726371348
        ],
        "rotation": [
            [
                -0.013989605583157918,
                0.9994518018947439,
                -0.030006443057733707
            ],
            [
                0.9971207069354115,
                0.01618119841543848,
                0.0740841725233213
            ],
            [
                0.07452909992917331,
                -0.028883637360788715,
                -0.9968004558368528
            ]
        ],
        "center_x": 480.0,
        "center_y": 270.0,
        "focal_x": 463.0483651844093,
        "focal_y": 463.0483651844093,
        "height": 540.0,
        "width": 960.0
    },
    "3": {
        "translation": [
            -3.4883069831367512,
            0.35789466247753365,
            -0.056849790722910326
        ],
        "rotation": [
            [
                -0.048745143071707756,
                0.9987887291371024,
                0.006707128715804388
            ],
            [
                0.9986215398329065,
                0.048603912862425665,
                0.019816150893057067
            ],
            [
                0.0194661554672055,
                0.007663824316446697,
                -0.9997811433449688
            ]
        ],
        "center_x": 480.0,
        "center_y": 270.0,
        "focal_x": 451.2301059302185,
        "focal_y": 451.2301059302185,
        "height": 540.0,
        "width": 960.0
    },
    "4": {
        "translation": [
            -0.8468272880194424,
            0.4071018095305176,
            -0.0581185106821889
        ],
        "rotation": [
            [
                -0.015279301682759969,
                0.999877875273291,
                -0.0032829071044232936
            ],
            [
                0.9998778563980398,
                0.015289935540096054,
                0.003238851037086174
            ],
            [
                0.0032886509312991747,
                -0.0032330187362234987,
                -0.9999893661259118
            ]
        ],
        "center_x": 480.0,
        "center_y": 270.0,
        "focal_x": 450.7812114087008,
        "focal_y": 450.7812114087008,
        "height": 540.0,
        "width": 960.0
    },
    "5": {
        "translation": [
            1.8193757079157478,
            0.43868749968138676,
            0.016020688714939467
        ],
        "rotation": [
            [
                -0.001116605251430528,
                0.999999371808118,
                -9.785745808424441e-05
            ],
            [
                0.9999992184236786,
                0.0011165500299293155,
                -0.0005625549419528647
            ],
            [
                -0.000562445325812664,
                -9.848553340357506e-05,
                -0.9999998369779143
            ]
        ],
        "center_x": 480.0,
        "center_y": 270.0,
        "focal_x": 449.31835041593314,
        "focal_y": 449.31835041593314,
        "height": 540.0,
        "width": 960.0
    },
    "6": {
        "translation": [
            4.4546792519868665,
            0.4587742026670239,
            0.1154987091130525
        ],
        "rotation": [
            [
                -0.028572420425347037,
                0.9995896747100042,
                0.0020245997592760684
            ],
            [
                0.9994563293040654,
                0.028535156082651558,
                0.016516376157695346
            ],
            [
                0.016451826800722914,
                0.002495411887196803,
                -0.9998615455724019
            ]
        ],
        "center_x": 480.0,
        "center_y": 270.0,
        "focal_x": 452.5241405090571,
        "focal_y": 452.5241405090571,
        "height": 540.0,
        "width": 960.0
    },
    "7": {
        "translation": [
            -2.2909684460612545,
            4.102219760916751,
            0.0835071759496085
        ],
        "rotation": [
            [
                -0.02615866154195162,
                0.9994685416563066,
                0.0194514437960051
            ],
            [
                0.9990005409452799,
                0.025431028073712874,
                0.03675842763438464
            ],
            [
                0.03624422184806684,
                0.02039355414167799,
                -0.9991348554284846
            ]
        ],
        "center_x": 480.0,
        "center_y": 270.0,
        "focal_x": 452.62295713038117,
        "focal_y": 452.62295713038117,
        "height": 540.0,
        "width": 960.0
    },
    "8": {
        "translation": [
            0.43953573435923143,
            4.1568854745614825,
            0.13443287964140938
        ],
        "rotation": [
            [
                -0.012797368998766987,
                0.9998874120426322,
                -0.00783521444485541
            ],
            [
                0.9992413756982267,
                0.013076555700347815,
                0.03668346744422094
            ],
            [
                0.03678179494566455,
                -0.007359818591729986,
                -0.9992962186613497
            ]
        ],
        "center_x": 480.0,
        "center_y": 270.0,
        "focal_x": 453.118692774945,
        "focal_y": 453.118692774945,
        "height": 540.0,
        "width": 960.0
    },
    "9": {
        "translation": [
            3.010637835930876,
            4.231938692680341,
            0.17645189105772893
        ],
        "rotation": [
            [
                -0.009912025490215364,
                0.9999480078590747,
                0.0023944371675130396
            ],
            [
                0.9997278554818977,
                0.009859215887635053,
                0.021142630764574084
            ],
            [
                0.021117924240971957,
                0.0026033518296326302,
                -0.9997736022895402
            ]
        ],
        "center_x": 480.0,
        "center_y": 270.0,
        "focal_x": 451.28960604589895,
        "focal_y": 451.28960604589895,
        "height": 540.0,
        "width": 960.0
    }
}