{
    "min_bound": 41.09181493831702,
    "max_bound": 331.13200750993457,
    "0": {
        "translation": [
            -2.204409229722977,
            -3.357466960389323,
            -0.14532522365835107
        ],
        "rotation": [
            [
                -0.00755469771606886,
                0.9999714592389853,
                8.51461870563215e-05
            ],
            [
                0.9997795909665901,
                0.007551580160767172,
                0.01958936251524255
            ],
            [
                0.019588160431671636,
                0.0002331191323206817,
                -0.9998081064016101
            ]
        ],
        "center_x": 960.0,
        "center_y": 540.0,
        "focal_x": 1021.9635215201877,
        "focal_y": 1021.9635215201877,
        "height": 1080.0,
        "width": 1920.0
    },
    "1": {
        "translation": [
            0.5053697844995714,
            -3.269764924456513,
            -0.09820357862014652
        ],
        "rotation": [
            [
                -0.02517236960195449,
                0.9996381177956359,
                0.009486056009789974
            ],
            [
                0.9996706039392766,
                0.0251234270290386,
                0.0052437614360541646
            ],
            [
                0.005003541576151196,
                0.009614929241281378,
                -0.9999412571283278
            ]
        ],
        "center_x": 960.0,
        "center_y": 540.0,
        "focal_x": 1026.379054044059,
        "focal_y": 1026.379054044059,
        "height": 1080.0,
        "width": 1920.0
    },
    "2": {
        "translation": [
            3.183520260570198,
            -3.153233595481563,
            -0.15655828252119838
        ],
        "rotation": [
            [
                -0.02235423375024555,
                0.9997399995186961,
                -0.004496842869922828
            ],
            [
                0.999583869724247,
                0.02243231418954804,
                0.01813501219191679
            ],
            [
                0.018231171672137583,
                -0.004089577295857688,
                -0.9998254346319672
            ]
        ],
        "center_x": 960.0,
        "center_y": 540.0,
        "focal_x": 1021.8308137090892,
        "focal_y": 1021.8308137090892,
        "height": 1080.0,
        "width": 1920.0
    },
    "3": {
        "translation": [
            -3.4876956051473895,
            0.37024135880640086,
            0.15595475907120923
        ],
        "rotation": [
            [
                -0.045336094814183374,
                0.998949730924205,
                0.006638794578666542
            ],
            [
                0.9988033699217331,
                0.045205424040218344,
                0.018662740161444424
            ],
            [
                0.018343029738538734,
                0.007476946154841986,
                -0.9998037950199072
            ]
        ],
        "center_x": 960.0,
        "center_y": 540.0,
        "focal_x": 1009.7454569972224,
        "focal_y": 1009.7454569972224,
        "height": 1080.0,
        "width": 1920.0
    },
    "4": {
        "translation": [
            -0.8868724035525045,
            0.3844615926708547,
            -0.0294447962034753
        ],
        "rotation": [
            [
                -0.01782718293428046,
                0.9998404428241702,
                -0.0011315660807149175
            ],
            [
                0.9998045227701012,
                0.01783619796197012,
                0.008531488188562995
            ],
            [
                0.008550309765024683,
                -0.0009792524846728462,
                -0.9999629659479862
            ]
        ],
        "center_x": 960.0,
        "center_y": 540.0,
        "focal_x": 1016.2702728861121,
        "focal_y": 1016.2702728861121,
        "height": 1080.0,
        "width": 1920.0
    },
    "5": {
        "translation": [
            1.8365845256020132,
            0.436736646408985,
            -0.007351095743614034
        ],
        "rotation": [
            [
                -0.011918219239757121,
                0.9998652288694705,
                0.011290710693048248
            ],
            [
                0.9999190778798479,
                0.011867101789423809,
                0.004583621606753965
            ],
            [
                0.0044490158538187646,
                0.011344425632022323,
                -0.999925752376151
            ]
        ],
        "center_x": 960.0,
        "center_y": 540.0,
        "focal_x": 1014.7030300697775,
        "focal_y": 1014.7030300697775,
        "height": 1080.0,
        "width": 1920.0
    },
    "6": {
        "translation": [
            4.498308439266607,
            0.45405139934970573,
            -0.02503841414599366
        ],
        "rotation": [
            [
                -0.03468030161272666,
                0.9992891761577456,
                0.014779008560259078
            ],
            [
                0.9992215083212107,
                0.034392105621576886,
                0.019327710138527368
            ],
            [
                0.0188056903179581,
                0.015437794042161649,
                -0.9997039664454557
            ]
        ],
        "center_x": 960.0,
        "center_y": 540.0,
        "focal_x": 1021.9633229676584,
        "focal_y": 1021.9633229676584,
        "height": 1080.0,
        "width": 1920.0
    },
    "7": {
        "translation": [
            -2.3030771336582236,
            4.050719941724918,
            0.2273696024162177
        ],
        "rotation": [
            [
                -0.028523053347471516,
                0.999384181593845,
                0.02043753918009922
            ],
            [
                0.9988554197079302,
                0.027710677359373968,
                0.03898677827647551
            ],
            [
                0.03839643144657688,
                0.021526168732161236,
                -0.9990306992840023
            ]
        ],
        "center_x": 960.0,
        "center_y": 540.0,
        "focal_x": 1003.4610138907426,
        "focal_y": 1003.4610138907426,
        "height": 1080.0,
        "width": 1920.0
    },
    "8": {
        "translation": [
            0.35027118248353456,
            4.084254440124993,
            0.18353220760711975
        ],
        "rotation": [
            [
                -0.02064335593370014,
                0.9997596664768913,
                -0.007379779252097455
            ],
            [
                0.9997640669013635,
                0.02069221139453925,
                0.006606278865533535
            ],
            [
                0.006757395107588579,
                -0.007241662351892768,
                -0.9999509467657606
            ]
        ],
        "center_x": 960.0,
        "center_y": 540.0,
        "focal_x": 1006.1833024884638,
        "focal_y": 1006.1833024884638,
        "height": 1080.0,
        "width": 1920.0
    },
    "9": {
        "translation": [
            3.006308552711821,
            4.114610099454139,
            0.12243443952755514
        ],
        "rotation": [
            [
                -0.011816283049274855,
                0.9999301826933372,
                7.206780618124797e-05
            ],
            [
                0.999653872873614,
                0.011811323576427236,
                0.023508021698074057
            ],
            [
                0.02350552921513588,
                0.0003498202998715276,
                -0.9997236456751806
            ]
        ],
        "center_x": 960.0,
        "center_y": 540.0,
        "focal_x": 1012.6639782774671,
        "focal_y": 1012.6639782774671,
        "height": 1080.0,
        "width": 1920.0
    }
}