{
    "min_bound": 0.1615932136774063,
    "max_bound": 1.1615931987762451,
    "0": {
        "translation": [
            -0.009843840263783932,
            0.013427597470581532,
            0.0002395911724306643
        ],
        "rotation": [
            [
                0.9995545744895935,
                -0.029760172590613365,
                -0.0022497419267892838
            ],
            [
                0.029769377782940865,
                0.999548077583313,
                0.004176437854766846
            ],
            [
                0.0021244336385279894,
                -0.00424154894426465,
                0.9999887347221375
            ]
        ],
        "center_x": 480.0,
        "center_y": 270.0,
        "focal_x": 450.08477783203125,
        "focal_y": 450.08477783203125,
        "height": 540.0,
        "width": 960.0
    },
    "1": {
        "translation": [
            -0.00010271936480421573,
            0.013485184870660305,
            -0.00034561118809506297
        ],
        "rotation": [
            [
                0.9999933838844299,
                0.0035604117438197136,
                0.0007765289046801627
            ],
            [
                -0.0035529702436178923,
                0.9999496340751648,
                -0.009383810684084892
            ],
            [
                -0.0008099001133814454,
                0.009380990639328957,
                0.9999556541442871
            ]
        ],
        "center_x": 480.0,
        "center_y": 270.0,
        "focal_x": 454.0391540527344,
        "focal_y": 454.0391540527344,
        "height": 540.0,
        "width": 960.0
    },
    "2": {
        "translation": [
            0.009362783282995224,
            0.013334565795958042,
            6.8010798713658e-05
        ],
        "rotation": [
            [
                0.9996137022972107,
                -0.0022201852407306433,
                -0.027704430744051933
            ],
            [
                0.0008885756833478808,
                0.9988476037979126,
                -0.04798491299152374
            ],
            [
                0.02777904085814953,
                0.04794176295399666,
                0.9984638094902039
            ]
        ],
        "center_x": 480.0,
        "center_y": 270.0,
        "focal_x": 463.0483703613281,
        "focal_y": 463.0483703613281,
        "height": 540.0,
        "width": 960.0
    },
    "3": {
        "translation": [
            -0.014145711436867714,
            1.1238507795496844e-05,
            0.0002830874000210315
        ],
        "rotation": [
            [
                0.9994404911994934,
                0.03244609013199806,
                0.00812093447893858
            ],
            [
                -0.0325026661157608,
                0.9994475841522217,
                0.006934514734894037
            ],
            [
                -0.007891450077295303,
                -0.007194583769887686,
                0.99994295835495
            ]
        ],
        "center_x": 480.0,
        "center_y": 270.0,
        "focal_x": 451.2301025390625,
        "focal_y": 451.2301025390625,
        "height": 540.0,
        "width": 960.0
    },
    "4": {
        "translation": [
            -0.004646530840545893,
            -1.065638025465887e-05,
            0.000277864804957062
        ],
        "rotation": [
            [
                0.9999971389770508,
                -0.0010534438770264387,
                -0.0021383462008088827
            ],
            [
                0.0011030816240236163,
                0.9997268319129944,
                0.023346424102783203
            ],
            [
                0.0021131678950041533,
                -0.023348713293671608,
                0.9997251629829407
            ]
        ],
        "center_x": 480.0,
        "center_y": 270.0,
        "focal_x": 450.7812194824219,
        "focal_y": 450.7812194824219,
        "height": 540.0,
        "width": 960.0
    },
    "5": {
        "translation": [
            0.00494020152837038,
            2.5003328119055368e-05,
            -2.1598658861421427e-07
        ],
        "rotation": [
            [
                0.9998836517333984,
                -0.015220426954329014,
                0.000984187121503055
            ],
            [
                0.015188037417829037,
                0.999514639377594,
                0.027198174968361855
            ],
            [
                -0.001397677231580019,
                -0.027180060744285583,
                0.999629557132721
            ]
        ],
        "center_x": 480.0,
        "center_y": 270.0,
        "focal_x": 449.318359375,
        "focal_y": 449.318359375,
        "height": 540.0,
        "width": 960.0
    },
    "6": {
        "translation": [
            0.014415075071156025,
            9.77500676526688e-05,
            -0.0003703021793626249
        ],
        "rotation": [
            [
                0.9999191164970398,
                0.012259142473340034,
                0.003385215299203992
            ],
            [
                -0.012292967177927494,
                0.9998728036880493,
                0.01015848945826292
            ],
            [
                -0.0032602502033114433,
                -0.010199281387031078,
                0.9999426603317261
            ]
        ],
        "center_x": 480.0,
        "center_y": 270.0,
        "focal_x": 452.5241394042969,
        "focal_y": 452.5241394042969,
        "height": 540.0,
        "width": 960.0
    },
    "7": {
        "translation": [
            -0.009621821343898773,
            -0.013388346880674362,
            0.00013036814925726503
        ],
        "rotation": [
            [
                0.9997277855873108,
                0.00987475086003542,
                0.021139608696103096
            ],
            [
                -0.009669088758528233,
                0.9999051094055176,
                -0.009808962233364582
            ],
            [
                -0.02123446576297283,
                0.009601892903447151,
                0.9997283816337585
            ]
        ],
        "center_x": 480.0,
        "center_y": 270.0,
        "focal_x": 452.6229553222656,
        "focal_y": 452.6229553222656,
        "height": 540.0,
        "width": 960.0
    },
    "8": {
        "translation": [
            0.00019752397201955318,
            -0.013429640792310238,
            -6.242116069188341e-05
        ],
        "rotation": [
            [
                0.9999750256538391,
                -0.003488097107037902,
                -0.006144438870251179
            ],
            [
                0.0034254644997417927,
                0.9999423027038574,
                -0.010174550116062164
            ],
            [
                0.006179574877023697,
                0.010153253562748432,
                0.9999293684959412
            ]
        ],
        "center_x": 480.0,
        "center_y": 270.0,
        "focal_x": 453.1186828613281,
        "focal_y": 453.1186828613281,
        "height": 540.0,
        "width": 960.0
    },
    "9": {
        "translation": [
            0.009445041418075562,
            -0.013552691787481308,
            -0.00022037183225620538
        ],
        "rotation": [
            [
                0.9999722242355347,
                -0.006398094352334738,
                0.003830482717603445
            ],
            [
                0.00637682992964983,
                0.9999642968177795,
                0.005538179539144039
            ],
            [
                -0.0038657800760120153,
                -0.005513595882803202,
                0.9999773502349854
            ]
        ],
        "center_x": 480.0,
        "center_y": 270.0,
        "focal_x": 451.28961181640625,
        "focal_y": 451.28961181640625,
        "height": 540.0,
        "width": 960.0
    },
    "i_test": 4
}